{
  "model_type": "ngram",
  "char_counts": {
    "H": {
      "e": 1,
      "o": 1
    },
    "e": {
      "l": 2,
      " ": 3
    },
    "l": {
      "l": 2,
      "o": 1,
      "d": 1,
      "!": 1
    },
    "o": {
      " ": 1,
      "r": 1,
      "w": 1,
      "u": 2,
      "d": 1,
      "p": 1,
      "i": 1
    },
    " ": {
      "w": 2,
      "H": 1,
      "a": 2,
      "y": 2,
      "t": 1,
      "I": 1,
      "h": 1,
      "d": 1
    },
    "w": {
      "o": 1,
      " ": 1,
      "e": 1
    },
    "r": {
      "l": 1,
      "e": 2
    },
    "d": {
      "!": 1,
      "a": 1,
      "o": 1
    },
    "!": {
      " ": 1
    },
    "a": {
      "r": 2,
      "y": 1
    },
    "y": {
      "o": 2,
      "?": 1
    },
    "u": {
      " ": 2
    },
    "t": {
      "o": 1
    },
    "?": {
      " ": 1
    },
    "I": {
      " ": 1
    },
    "h": {
      "o": 1
    },
    "p": {
      "e": 1
    },
    "i": {
      "n": 1
    },
    "n": {
      "g": 1
    },
    "g": {
      " ": 1
    }
  },
  "char_probs": {
    "H": {
      "e": 0.5,
      "o": 0.5
    },
    "e": {
      "l": 0.4,
      " ": 0.6
    },
    "l": {
      "l": 0.4,
      "o": 0.2,
      "d": 0.2,
      "!": 0.2
    },
    "o": {
      " ": 0.125,
      "r": 0.125,
      "w": 0.125,
      "u": 0.25,
      "d": 0.125,
      "p": 0.125,
      "i": 0.125
    },
    " ": {
      "w": 0.18181818181818182,
      "H": 0.09090909090909091,
      "a": 0.18181818181818182,
      "y": 0.18181818181818182,
      "t": 0.09090909090909091,
      "I": 0.09090909090909091,
      "h": 0.09090909090909091,
      "d": 0.09090909090909091
    },
    "w": {
      "o": 0.3333333333333333,
      " ": 0.3333333333333333,
      "e": 0.3333333333333333
    },
    "r": {
      "l": 0.3333333333333333,
      "e": 0.6666666666666666
    },
    "d": {
      "!": 0.3333333333333333,
      "a": 0.3333333333333333,
      "o": 0.3333333333333333
    },
    "!": {
      " ": 1.0
    },
    "a": {
      "r": 0.6666666666666666,
      "y": 0.3333333333333333
    },
    "y": {
      "o": 0.6666666666666666,
      "?": 0.3333333333333333
    },
    "u": {
      " ": 1.0
    },
    "t": {
      "o": 1.0
    },
    "?": {
      " ": 1.0
    },
    "I": {
      " ": 1.0
    },
    "h": {
      "o": 1.0
    },
    "p": {
      "e": 1.0
    },
    "i": {
      "n": 1.0
    },
    "n": {
      "g": 1.0
    },
    "g": {
      " ": 1.0
    }
  },
  "user_id": "demo_user"
}