{
  "model_type": "ngram",
  "char_counts": {
    "I": {
      " ": 1
    },
    " ": {
      "a": 2,
      "p": 1,
      "s": 1,
      "d": 1,
      "w": 1,
      "e": 1,
      "c": 1
    },
    "a": {
      "m": 1,
      " ": 1,
      "l": 1,
      "r": 1
    },
    "m": {
      " ": 1
    },
    "p": {
      "r": 1,
      "e": 1
    },
    "r": {
      "o": 1,
      "e": 1,
      " ": 1
    },
    "o": {
      "f": 2,
      "n": 1,
      "p": 1,
      " ": 1,
      "y": 1,
      "d": 1
    },
    "f": {
      "e": 1,
      "t": 1
    },
    "e": {
      "s": 1,
      " ": 1,
      "v": 1,
      "l": 1,
      "r": 1,
      "n": 1
    },
    "s": {
      "s": 1,
      "i": 1,
      "o": 1,
      " ": 1
    },
    "i": {
      "o": 1,
      "n": 1
    },
    "n": {
      "a": 1,
      "j": 1,
      "g": 1
    },
    "l": {
      " ": 1,
      "o": 1
    },
    "t": {
      "w": 1
    },
    "w": {
      "a": 1,
      "h": 1
    },
    "d": {
      "e": 1,
      "i": 1
    },
    "v": {
      "e": 1
    },
    "h": {
      "o": 1
    },
    "j": {
      "o": 1
    },
    "y": {
      "s": 1
    },
    "c": {
      "o": 1
    },
    "g": {
      ".": 1
    }
  },
  "char_probs": {
    "I": {
      " ": 1.0
    },
    " ": {
      "a": 0.25,
      "p": 0.125,
      "s": 0.125,
      "d": 0.125,
      "w": 0.125,
      "e": 0.125,
      "c": 0.125
    },
    "a": {
      "m": 0.25,
      " ": 0.25,
      "l": 0.25,
      "r": 0.25
    },
    "m": {
      " ": 1.0
    },
    "p": {
      "r": 0.5,
      "e": 0.5
    },
    "r": {
      "o": 0.3333333333333333,
      "e": 0.3333333333333333,
      " ": 0.3333333333333333
    },
    "o": {
      "f": 0.2857142857142857,
      "n": 0.14285714285714285,
      "p": 0.14285714285714285,
      " ": 0.14285714285714285,
      "y": 0.14285714285714285,
      "d": 0.14285714285714285
    },
    "f": {
      "e": 0.5,
      "t": 0.5
    },
    "e": {
      "s": 0.16666666666666666,
      " ": 0.16666666666666666,
      "v": 0.16666666666666666,
      "l": 0.16666666666666666,
      "r": 0.16666666666666666,
      "n": 0.16666666666666666
    },
    "s": {
      "s": 0.25,
      "i": 0.25,
      "o": 0.25,
      " ": 0.25
    },
    "i": {
      "o": 0.5,
      "n": 0.5
    },
    "n": {
      "a": 0.3333333333333333,
      "j": 0.3333333333333333,
      "g": 0.3333333333333333
    },
    "l": {
      " ": 0.5,
      "o": 0.5
    },
    "t": {
      "w": 1.0
    },
    "w": {
      "a": 0.5,
      "h": 0.5
    },
    "d": {
      "e": 0.5,
      "i": 0.5
    },
    "v": {
      "e": 1.0
    },
    "h": {
      "o": 1.0
    },
    "j": {
      "o": 1.0
    },
    "y": {
      "s": 1.0
    },
    "c": {
      "o": 1.0
    },
    "g": {
      ".": 1.0
    }
  },
  "user_id": "bob"
}