{
  "model_type": "ngram",
  "char_counts": {
    "I": {
      " ": 1
    },
    " ": {
      "l": 2,
      "r": 1,
      "b": 1,
      "a": 1,
      "n": 1,
      "t": 1,
      "e": 1,
      "d": 1
    },
    "l": {
      "o": 1,
      "e": 1
    },
    "o": {
      "v": 1,
      "o": 1,
      "k": 1
    },
    "v": {
      "e": 2
    },
    "e": {
      " ": 1,
      "a": 2,
      "w": 1,
      "v": 1,
      "r": 1
    },
    "r": {
      "e": 1,
      "n": 1,
      "y": 1
    },
    "a": {
      "d": 1,
      "n": 1,
      "r": 1,
      "y": 1
    },
    "d": {
      "i": 1,
      " ": 1,
      "a": 1
    },
    "i": {
      "n": 3
    },
    "n": {
      "g": 3,
      "d": 1,
      "i": 1,
      "e": 1
    },
    "g": {
      " ": 2,
      "s": 1
    },
    "b": {
      "o": 1
    },
    "k": {
      "s": 1
    },
    "s": {
      " ": 2
    },
    "w": {
      " ": 1
    },
    "t": {
      "h": 1
    },
    "h": {
      "i": 1
    },
    "y": {
      " ": 1,
      ".": 1
    }
  },
  "char_probs": {
    "I": {
      " ": 1.0
    },
    " ": {
      "l": 0.2222222222222222,
      "r": 0.1111111111111111,
      "b": 0.1111111111111111,
      "a": 0.1111111111111111,
      "n": 0.1111111111111111,
      "t": 0.1111111111111111,
      "e": 0.1111111111111111,
      "d": 0.1111111111111111
    },
    "l": {
      "o": 0.5,
      "e": 0.5
    },
    "o": {
      "v": 0.3333333333333333,
      "o": 0.3333333333333333,
      "k": 0.3333333333333333
    },
    "v": {
      "e": 1.0
    },
    "e": {
      " ": 0.16666666666666666,
      "a": 0.3333333333333333,
      "w": 0.16666666666666666,
      "v": 0.16666666666666666,
      "r": 0.16666666666666666
    },
    "r": {
      "e": 0.3333333333333333,
      "n": 0.3333333333333333,
      "y": 0.3333333333333333
    },
    "a": {
      "d": 0.25,
      "n": 0.25,
      "r": 0.25,
      "y": 0.25
    },
    "d": {
      "i": 0.3333333333333333,
      " ": 0.3333333333333333,
      "a": 0.3333333333333333
    },
    "i": {
      "n": 1.0
    },
    "n": {
      "g": 0.5,
      "d": 0.16666666666666666,
      "i": 0.16666666666666666,
      "e": 0.16666666666666666
    },
    "g": {
      " ": 0.6666666666666666,
      "s": 0.3333333333333333
    },
    "b": {
      "o": 1.0
    },
    "k": {
      "s": 1.0
    },
    "s": {
      " ": 1.0
    },
    "w": {
      " ": 1.0
    },
    "t": {
      "h": 1.0
    },
    "h": {
      "i": 1.0
    },
    "y": {
      " ": 0.5,
      ".": 0.5
    }
  },
  "user_id": "alice"
}