{
  "model_type": "ngram",
  "char_counts": {
    "I": {
      "'": 1
    },
    "'": {
      "m": 1
    },
    "m": {
      " ": 1,
      "y": 1
    },
    " ": {
      "i": 2,
      "s": 2,
      "a": 2,
      "e": 2
    },
    "i": {
      "n": 2,
      "e": 1,
      "a": 1,
      "o": 1
    },
    "n": {
      "t": 1,
      " ": 1,
      "c": 1,
      "d": 1,
      "o": 1,
      ".": 1
    },
    "t": {
      "e": 2,
      "r": 1,
      "i": 1
    },
    "e": {
      "r": 1,
      "s": 2,
      "d": 1,
      "n": 1,
      " ": 2,
      "c": 1,
      "x": 1
    },
    "r": {
      "e": 1,
      "o": 1,
      "a": 1
    },
    "s": {
      "t": 2,
      "c": 1,
      "p": 2
    },
    "d": {
      " ": 2
    },
    "c": {
      "i": 2,
      "e": 2
    },
    "a": {
      "n": 1,
      "s": 1,
      "l": 1,
      "c": 1,
      "t": 1
    },
    "o": {
      "n": 2,
      "m": 1,
      "r": 1
    },
    "y": {
      ",": 1,
      " ": 1
    },
    ",": {
      " ": 1
    },
    "p": {
      "e": 1,
      "a": 1,
      "l": 1
    },
    "l": {
      "l": 1,
      "y": 1,
      "o": 1
    },
    "x": {
      "p": 1
    }
  },
  "char_probs": {
    "I": {
      "'": 1.0
    },
    "'": {
      "m": 1.0
    },
    "m": {
      " ": 0.5,
      "y": 0.5
    },
    " ": {
      "i": 0.25,
      "s": 0.25,
      "a": 0.25,
      "e": 0.25
    },
    "i": {
      "n": 0.4,
      "e": 0.2,
      "a": 0.2,
      "o": 0.2
    },
    "n": {
      "t": 0.16666666666666666,
      " ": 0.16666666666666666,
      "c": 0.16666666666666666,
      "d": 0.16666666666666666,
      "o": 0.16666666666666666,
      ".": 0.16666666666666666
    },
    "t": {
      "e": 0.5,
      "r": 0.25,
      "i": 0.25
    },
    "e": {
      "r": 0.1111111111111111,
      "s": 0.2222222222222222,
      "d": 0.1111111111111111,
      "n": 0.1111111111111111,
      " ": 0.2222222222222222,
      "c": 0.1111111111111111,
      "x": 0.1111111111111111
    },
    "r": {
      "e": 0.3333333333333333,
      "o": 0.3333333333333333,
      "a": 0.3333333333333333
    },
    "s": {
      "t": 0.4,
      "c": 0.2,
      "p": 0.4
    },
    "d": {
      " ": 1.0
    },
    "c": {
      "i": 0.5,
      "e": 0.5
    },
    "a": {
      "n": 0.2,
      "s": 0.2,
      "l": 0.2,
      "c": 0.2,
      "t": 0.2
    },
    "o": {
      "n": 0.5,
      "m": 0.25,
      "r": 0.25
    },
    "y": {
      ",": 0.5,
      " ": 0.5
    },
    ",": {
      " ": 1.0
    },
    "p": {
      "e": 0.3333333333333333,
      "a": 0.3333333333333333,
      "l": 0.3333333333333333
    },
    "l": {
      "l": 0.3333333333333333,
      "y": 0.3333333333333333,
      "o": 0.3333333333333333
    },
    "x": {
      "p": 1.0
    }
  },
  "user_id": "charlie"
}